{
    "soil_params": {
        "depth": 2.0,
        "bb": 10.38674689427841,
        "satdk": 0.0004841857215830042,
        "satpsi": 0.04255719079885058,
        "slop": 0.9490738443375369,
        "smcmax": 0.5332355787112583,
        "wltsmc": 0.031611115764367814,
        "D": 2.0,
        "mult": 1000.0
    },
    "forcing_file": "..\\data\\camels\\gauch_etal_2020\\nldas_hourly\\02350900_hourly_nldas.csv",
    "catchment_area_km2": 1365.12,
    "refkdt": 3.791087427126437,
    "max_gw_storage": 0.10888788660713052,
    "Cgw": 0.00021415289018704298,
    "expon": 1.8055389179925465,
    "gw_storage": 0.05,
    "alpha_fc": 0.33,
    "K_nash": 0.26095118999159617,
    "K_lf": 0.38872095261855455,
    "nash_storage": [
        0.0,
        0.0
    ],
    "giuh_ordinates": [
        0.46,
        0.31,
        0.15,
        0.05,
        0.02,
        0.01,
        0.0,
        0.0,
        0.0
    ],
    "stand_alone": 1,
    "unit_test": 0,
    "compare_results_file": "",
    "partition_scheme": "Schaake",
    "soil_scheme": "classic"
}